Message 1,Message 2,Response,M1 Send Time,M2 Receive Time,Number of Words (M1),Number of Punctuation (M1),Presence of Emojis (M1),Presence of Images (M1),Presence of Videos (M1),Presence of Links (M1),Number of Words (M2),Number of Punctuation (M2),Presence of Emojis (M2),Presence of Images (M2),Presence of Videos (M2),Presence of Links (M2),TimeOfResponse
I'm going to learn how to bake a chocolate cake. ğŸ°,Baking a chocolate cake is delicious! What's your secret ingredient? ğŸ«,No,11/8/2023 21:45,11/9/2023 21:45,8,3,Yes,No,No,No,9,3,Yes,No,No,No,8.481980584
I'm planning a weekend getaway by the lake. ğŸŒ…,Weekend getaways by the lake are so relaxing! Any particular lake you have in mind? ğŸï¸,No,11/8/2023 21:50,11/8/2023 21:55,8,3,Yes,No,No,No,8,3,Yes,No,No,No,3.448190986
I'm going to a rock music concert. ğŸ¸,Rock concerts are energetic! Which rock band are you going to see? ğŸ¤,No,11/8/2023 21:55,11/8/2023 22:00,6,3,Yes,No,No,No,9,3,Yes,No,No,No,4.154955802
I'm planning a day at the beach with my family. ğŸ–ï¸,Beach days with family are fun! What beach activities are you looking forward to? ğŸŒ,No,11/8/2023 22:00,11/8/2023 22:05,8,3,Yes,No,No,No,8,3,Yes,No,No,No,6.98159935
I'm going to start a new workout routine. ğŸ’ª,Starting a new workout routine is great for your health! What's your fitness goal? ğŸ‹ï¸,No,11/8/2023 22:05,11/8/2023 22:10,7,3,Yes,No,No,No,9,3,Yes,No,No,No,11.38942945
I'm planning a barbecue in my backyard. ğŸ”,Barbecues are tasty! What's your special barbecue sauce recipe? ğŸ–,No,11/8/2023 22:10,11/8/2023 22:15,7,3,Yes,No,No,No,8,3,Yes,No,No,No,6.084658217
I'm going to learn how to salsa dance. ğŸ’ƒ,Learning to dance salsa is exciting! Have you danced before? ğŸ’ƒğŸ•º,No,11/8/2023 22:15,11/8/2023 22:20,7,3,Yes,No,No,No,9,3,Yes,No,No,No,9.444956142
I'm planning a visit to an art gallery. ğŸ–¼ï¸,Art galleries are inspiring! Do you have a favorite art style? ğŸ¨,No,11/8/2023 22:20,11/8/2023 22:25,7,3,Yes,No,No,No,8,3,Yes,No,No,No,4.918687504
I'm going to a basketball game. ğŸ€,Basketball games are thrilling! Which teams are playing tonight? ğŸ¤”,No,11/8/2023 22:25,11/8/2023 22:30,7,3,Yes,No,No,No,9,3,Yes,No,No,No,9.905547024
I'm planning a day at the amusement park. ğŸ¢,Amusement parks are so much fun! What's your favorite ride there? ğŸ¡,No,11/8/2023 22:30,11/8/2023 22:35,7,3,Yes,No,No,No,8,3,Yes,No,No,No,12.24851385
I'm going to start a new gardening project. ğŸŒ±,Gardening is relaxing! What kind of plants will you be planting? ğŸŒ»,No,11/8/2023 22:35,11/8/2023 22:40,7,3,Yes,No,No,No,9,3,Yes,No,No,No,5.627222294
I'm planning a visit to the zoo. ğŸ¦,Zoo visits are fascinating! Any specific animals you're excited to see? ğŸ¦’,No,11/8/2023 22:40,11/8/2023 22:45,7,3,Yes,No,No,No,8,3,Yes,No,No,No,5.2069058
I'm going to a comedy show tonight. ğŸ˜‚,Comedy shows are hilarious! Who's your favorite comedian? ğŸ¤,No,11/8/2023 22:45,11/8/2023 22:50,6,3,Yes,No,No,No,9,3,Yes,No,No,No,12.56043875
I'm planning a quiet night in. ğŸŒ™,Quiet nights in can be relaxing! Any movie or book in mind? ğŸ¿ğŸ“š,No,11/8/2023 22:50,11/8/2023 22:55,6,3,Yes,No,No,No,8,3,Yes,No,No,No,12.34433494
I'm going to cook a special dinner tonight. ğŸ³,Cooking special dinners is fun! What's on the menu? ğŸ½ï¸,No,11/8/2023 22:55,11/8/2023 23:00,6,3,Yes,No,No,No,9,3,Yes,No,No,No,5.383164147
I'm taking my dog for a walk. ğŸ•,Dog walks are refreshing! Is it a sunny day? â˜€ï¸,No,11/8/2023 23:00,11/8/2023 23:05,6,3,Yes,No,No,No,8,3,Yes,No,No,No,5.419683586
I'm planning a road trip with friends. ğŸš—,Road trips with friends are so much fun! Any specific destinations in mind? ğŸ—ºï¸,No,11/8/2023 23:05,11/8/2023 23:10,6,3,Yes,No,No,No,9,3,Yes,No,No,No,9.088620725
I'm going to a music concert tonight. ğŸµ,Music concerts are exciting! Who's performing tonight? ğŸ¤,No,11/8/2023 23:10,11/8/2023 23:15,6,3,Yes,No,No,No,8,3,Yes,No,No,No,9.355533231
I'm planning a picnic in the park. ğŸ‰,Picnics in the park are delightful! What's on the menu? ğŸ¥ª,No,11/8/2023 23:15,11/8/2023 23:20,6,3,Yes,No,No,No,9,3,Yes,No,No,No,4.129906948
I'm going to start a new painting. ğŸ¨,Starting a new painting is creative! What's your artistic inspiration? ğŸ–Œï¸,No,11/8/2023 23:20,11/8/2023 23:25,6,3,Yes,No,No,No,8,3,Yes,No,No,No,6.586012423
I'm planning a hiking trip this weekend. ğŸï¸,Hiking trips are adventurous! Do you have a favorite trail? ğŸ¥¾,No,11/8/2023 23:25,11/8/2023 23:30,6,3,Yes,No,No,No,8,3,Yes,No,No,No,11.98231172
I'm stuck in heavy traffic again. ğŸš—ğŸš¦,Traffic jams are so frustrating! It delays everything.,No,11/8/2023 15:00,11/8/2023 15:05,8,2,Yes,No,No,No,9,3,No,No,No,No,8.098538865
I lost my wallet with all my cards.,Losing your wallet is a nightmare! Have you canceled your cards? ğŸ˜ŸğŸ’³,No,11/8/2023 15:10,11/8/2023 15:15,9,3,Yes,No,No,No,8,3,Yes,No,No,No,10.29003993
I got caught in the rain without an umbrella. â˜”,Rainy days can be such a hassle! Are you soaked? â˜‚ï¸,No,11/8/2023 15:15,11/8/2023 15:20,9,3,Yes,No,No,No,8,3,Yes,No,No,No,8.770422252
I missed my flight due to a long security line. ğŸ˜«,Missing a flight is so stressful! Did they reschedule you? âœˆï¸,No,11/8/2023 15:20,11/8/2023 15:25,9,3,Yes,No,No,No,8,3,Yes,No,No,No,4.87651958
I received a parking ticket today. ğŸš—,Parking tickets are annoying! How much is the fine? ğŸ˜¡,No,11/8/2023 15:25,11/8/2023 15:30,7,3,Yes,No,No,No,9,3,Yes,No,No,No,12.99423732
I'm down with the flu. ğŸ¤’,Getting sick is the worst! Do you have any medicine? ğŸ’Š,No,11/8/2023 15:30,11/8/2023 15:35,6,2,Yes,No,No,No,9,3,Yes,No,No,No,9.398898918
I had a car accident today. ğŸš—ğŸ˜±,Car accidents are scary! Are you okay? ğŸ˜“,No,11/8/2023 15:35,11/8/2023 15:40,8,3,Yes,No,No,No,8,2,Yes,No,No,No,4.4774042
I received a rejection letter from a job I wanted.,Rejections are disappointing! Have you applied elsewhere? ğŸ˜,No,11/8/2023 15:40,11/8/2023 15:45,8,3,No,No,No,No,9,3,Yes,No,No,No,10.96291987
I broke my phone screen. ğŸ˜«,Broken phone screens are frustrating! Is it still usable? ğŸ“±,No,11/8/2023 15:45,11/8/2023 15:50,7,3,Yes,No,No,No,8,3,Yes,No,No,No,3.176599311
I had a fight with my best friend.,Fights with friends are hurtful! Have you talked it out? ğŸ˜”,No,11/8/2023 15:50,11/8/2023 15:55,8,3,No,No,No,No,9,3,Yes,No,No,No,3.862945338
I lost my job today. ğŸ˜,Losing a job is tough! Do you have a backup plan? ğŸ’¼,No,11/8/2023 15:55,11/8/2023 16:00,7,3,Yes,No,No,No,8,3,Yes,No,No,No,6.211748433
I'm feeling unwell and can't go out.,Being sick and stuck at home is frustrating! Take care. ğŸ˜·,No,11/8/2023 16:00,11/8/2023 16:05,7,3,No,No,No,No,9,3,Yes,No,No,No,5.069226049
I had a flat tire on the way to an important meeting. ğŸš—ğŸ”§,Flat tires at crucial times are frustrating! Did you manage to get it fixed? ğŸ”©,No,11/8/2023 16:05,11/8/2023 16:10,9,4,Yes,No,No,No,8,3,Yes,No,No,No,7.034928567
I locked myself out of the house. ğŸ”‘,Locking yourself out is inconvenient! Do you have a spare key? ğŸ¡,No,11/8/2023 16:10,11/8/2023 16:15,7,3,Yes,No,No,No,9,3,Yes,No,No,No,10.6138736
I got a parking ticket in a no-parking zone. ğŸš—,Parking tickets in no-parking zones are annoying! How much is the fine? ğŸ˜¡,No,11/8/2023 16:15,11/8/2023 16:20,8,3,Yes,No,No,No,9,3,Yes,No,No,No,7.207863853
I missed my train and will be late for an important event. ğŸš†,Missing trains can be stressful! Will you be able to reschedule? ğŸ•’,No,11/8/2023 16:20,11/8/2023 16:25,8,3,Yes,No,No,No,9,3,Yes,No,No,No,5.149527758
I received a lower-than-expected grade on a test.,Getting lower grades than expected is disappointing! Will you retake it? ğŸ“š,No,11/8/2023 16:25,11/8/2023 16:30,8,3,No,No,No,No,9,3,Yes,No,No,No,7.518650144
I lost my house keys. ğŸ”‘,Losing house keys is frustrating! Do you have a spare set? ğŸ¡,No,11/8/2023 16:30,11/8/2023 16:35,7,3,Yes,No,No,No,9,3,Yes,No,No,No,12.25065749
I forgot my umbrella on a rainy day. â˜”,Forgetting an umbrella on a rainy day is so inconvenient! Are you soaked? â˜‚ï¸,No,11/8/2023 16:35,11/8/2023 16:40,9,3,Yes,No,No,No,8,3,Yes,No,No,No,11.33741165
I accidentally deleted important files from my computer.,Accidentally deleting important files is a nightmare! Can they be recovered? ğŸ’»,No,11/8/2023 16:40,11/8/2023 16:45,8,3,No,No,No,No,9,3,Yes,No,No,No,6.169751216
I got a rejection letter from my dream college.,Rejection from your dream college is disheartening! Have you considered other options? ğŸ˜”ğŸ“,No,11/8/2023 16:45,11/8/2023 16:50,8,3,Yes,No,No,No,8,2,Yes,No,No,No,12.35948778
I lost my pet dog. ğŸ¶,Losing a pet is heart-wrenching! I'm so sorry for your loss. ğŸ˜¢,No,11/8/2023 16:50,11/8/2023 16:55,7,3,Yes,No,No,No,9,3,Yes,No,No,No,11.07446321
I accidentally spilled red wine on my favorite shirt.,Spilling red wine on your favorite shirt is frustrating! Can it be cleaned? ğŸ·,No,11/8/2023 16:55,11/8/2023 17:00,8,3,No,No,No,No,9,3,Yes,No,No,No,6.950664279
I had a disagreement with a family member.,Disagreements with family can be tough! Have you talked it out? ğŸ˜•,No,11/8/2023 17:00,11/8/2023 17:05,7,3,Yes,No,No,No,9,3,Yes,No,No,No,3.984095047
I received a speeding ticket.,Speeding tickets are frustrating! How much is the fine? ğŸš—ğŸ˜¡,No,11/8/2023 17:05,11/8/2023 17:10,7,3,Yes,No,No,No,9,4,Yes,No,No,No,4.974854326
I broke my glasses. ğŸ‘“,Broken glasses are inconvenient! Do you have a spare pair? ğŸ˜©,No,11/8/2023 17:10,11/8/2023 17:15,7,3,Yes,No,No,No,9,3,Yes,No,No,No,8.002591531
I had a power outage during an important presentation.,Power outages during presentations are frustrating! Were you able to continue? ğŸ’¡,No,11/8/2023 17:15,11/8/2023 17:20,8,3,No,No,No,No,8,2,Yes,No,No,No,12.70407129
I missed my anniversary dinner reservation. ğŸ½ï¸,Missing anniversary reservations is disappointing! Can you reschedule? â¤ï¸,No,11/8/2023 17:20,11/8/2023 17:25,7,3,Yes,No,No,No,9,3,Yes,No,No,No,6.581570285
I lost my passport before an upcoming trip.,Losing a passport before a trip is stressful! Have you reported it? ğŸ›‚,No,11/8/2023 17:25,11/8/2023 17:30,8,3,Yes,No,No,No,9,3,Yes,No,No,No,5.16726556
I'm going to start a new fitness challenge.,Challenges are motivating! What's your fitness goal? ğŸ’ª,No,11/8/2023 17:30,11/8/2023 17:35,7,3,No,No,No,No,8,3,Yes,No,No,No,11.4436019
I had a challenging day at work. ğŸ˜«,Challenging workdays can be exhausting! Do you need a break? â˜•,No,11/8/2023 17:35,11/8/2023 17:40,6,3,Yes,No,No,No,8,3,Yes,No,No,No,8.521072175
I'm planning a quiet night in.,Quiet nights in can be relaxing! Any movie or book in mind? ğŸ¿ğŸ“š,No,11/8/2023 17:40,11/8/2023 17:45,7,3,Yes,No,No,No,9,3,Yes,No,No,No,6.730015397
I'm going to cook a special dinner tonight. ğŸ³,Cooking special dinners is fun! What's on the menu? ğŸ½ï¸,No,11/8/2023 17:45,11/8/2023 17:50,6,3,Yes,No,No,No,9,3,Yes,No,No,No,11.01335144
I'm taking my dog for a walk. ğŸ•,Dog walks are refreshing! Is it a sunny day? â˜€ï¸,No,11/8/2023 17:50,11/8/2023 17:55,6,3,Yes,No,No,No,8,3,Yes,No,No,No,10.64869414
I'm planning a road trip with friends. ğŸš—,Road trips with friends are so much fun! Any specific destinations in mind? ğŸ—ºï¸,No,11/8/2023 17:55,11/8/2023 18:00,6,3,Yes,No,No,No,9,3,Yes,No,No,No,3.929795637
I'm going to a music concert tonight. ğŸµ,Music concerts are exciting! Who's performing tonight? ğŸ¤,No,11/8/2023 18:00,11/8/2023 18:05,6,3,Yes,No,No,No,8,3,Yes,No,No,No,11.70952053
I'm planning a picnic in the park. ğŸ‰,Picnics in the park are delightful! What's on the menu? ğŸ¥ª,No,11/8/2023 18:05,11/8/2023 18:10,6,3,Yes,No,No,No,9,3,Yes,No,No,No,9.18241732
I'm going to start a new painting. ğŸ¨,Starting a new painting is creative! What's your artistic inspiration? ğŸ–Œï¸,No,11/8/2023 18:10,11/8/2023 18:15,6,3,Yes,No,No,No,8,3,Yes,No,No,No,12.40204993
I'm planning a hiking trip this weekend. ğŸï¸,Hiking trips are adventurous! Do you have a favorite trail? ğŸ¥¾,No,11/8/2023 18:15,11/8/2023 18:20,6,3,Yes,No,No,No,8,3,Yes,No,No,No,5.731641281
I'm planning a camping trip with friends. â›º,Camping with friends is an adventure! Any camping recipes you'd like to try? ğŸ¢,No,11/8/2023 18:25,11/8/2023 18:30,8,3,Yes,No,No,No,9,3,Yes,No,No,No,4.221658131
I'm taking a dance class to learn salsa. ğŸ’ƒ,Dance classes are a blast! Have you danced salsa before? ğŸ’ƒğŸ•º,No,11/8/2023 18:30,11/8/2023 18:35,7,3,Yes,No,No,No,8,3,Yes,No,No,No,3.866045271
I'm going to a local food festival. ğŸ”,Food festivals are delicious! Any specific dishes you want to try? ğŸ•,No,11/8/2023 18:35,11/8/2023 18:40,6,3,Yes,No,No,No,8,3,Yes,No,No,No,11.36585474
I'm planning a road trip along the coast. ğŸŒ…,Coastal road trips are beautiful! Any coastal towns on your list? ğŸŒŠ,No,11/8/2023 18:40,11/8/2023 18:45,6,3,Yes,No,No,No,9,3,Yes,No,No,No,5.013317081
I'm starting a DIY woodworking project. ğŸªš,Woodworking projects are creative! What will you build? ğŸªµ,No,11/8/2023 18:45,11/8/2023 18:50,6,3,Yes,No,No,No,8,3,Yes,No,No,No,8.401142118
I'm going to visit a science museum. ğŸ§ª,Science museums are educational! Any particular exhibit you're looking forward to? ğŸ”¬,No,11/8/2023 18:50,11/8/2023 18:55,6,3,Yes,No,No,No,9,3,Yes,No,No,No,5.150626064
I'm planning a trip to a vineyard. ğŸ‡,Vineyard trips are wine-tastic! Any specific wine you'd like to taste? ğŸ·,No,11/8/2023 18:55,11/8/2023 19:00,6,3,Yes,No,No,No,8,3,Yes,No,No,No,5.246992486
I'm starting a new painting project. ğŸ–Œï¸,Painting projects are creative! What's your artistic inspiration? ğŸ¨,No,11/8/2023 19:00,11/8/2023 19:05,6,3,Yes,No,No,No,8,3,Yes,No,No,No,5.797314887
I'm going to a charity run event. ğŸƒ,Charity runs are for a good cause! Which charity will benefit? â¤ï¸,No,11/8/2023 19:05,11/8/2023 19:10,6,3,Yes,No,No,No,9,3,Yes,No,No,No,12.39869576
I'm planning a family movie night. ğŸ¥,Family movie nights are cozy! What's the movie selection? ğŸ¿,No,11/8/2023 19:10,11/8/2023 19:15,6,3,Yes,No,No,No,8,3,Yes,No,No,No,11.31741656
I'm going to learn a new language. ğŸ—£ï¸,Learning new languages is fantastic! Which one are you starting with? ğŸŒ,No,11/8/2023 19:15,11/8/2023 19:20,6,3,Yes,No,No,No,9,3,Yes,No,No,No,7.040963369
I'm starting a new book club. ğŸ“š,Book clubs are great for readers! What's the first book on your list? ğŸ“–,No,11/8/2023 19:20,11/8/2023 19:25,6,3,Yes,No,No,No,8,3,Yes,No,No,No,6.553824269
I'm going to a vintage fashion show. ğŸ‘—,Vintage fashion shows are stylish! Any specific era you're interested in? ğŸ‘’,No,11/8/2023 19:25,11/8/2023 19:30,6,3,Yes,No,No,No,8,3,Yes,No,No,No,11.92826912
I'm planning a beach cleanup day. ğŸ–ï¸,Beach cleanups are eco-friendly! Which beach will you be cleaning? ğŸŒŠ,No,11/8/2023 19:30,11/8/2023 19:35,6,3,Yes,No,No,No,9,3,Yes,No,No,No,6.35686613
I'm taking my dog for a walk. ğŸ¶,Dog walks are refreshing! Is it a sunny day? â˜€ï¸,No,11/8/2023 19:35,11/8/2023 19:40,6,3,Yes,No,No,No,8,3,Yes,No,No,No,8.194110848
I'm planning a road trip with friends. ğŸš—,Road trips with friends are so much fun! Any specific destinations in mind? ğŸ—ºï¸,No,11/8/2023 19:40,11/8/2023 19:45,6,3,Yes,No,No,No,9,3,Yes,No,No,No,8.35065752
I'm going to a music concert tonight. ğŸµ,Music concerts are exciting! Who's performing tonight? ğŸ¤,No,11/8/2023 19:45,11/8/2023 19:50,6,3,Yes,No,No,No,8,3,Yes,No,No,No,12.1196373
I'm planning a picnic in the park. ğŸ‰,Picnics in the park are delightful! What's on the menu? ğŸ¥ª,No,11/8/2023 19:50,11/8/2023 19:55,6,3,Yes,No,No,No,9,3,Yes,No,No,No,10.45535613
I'm going to start a new painting. ğŸ¨,Starting a new painting is creative! What's your artistic inspiration? ğŸ–Œï¸,No,11/8/2023 19:55,11/8/2023 20:00,6,3,Yes,No,No,No,8,3,Yes,No,No,No,5.414120304
I'm planning a hiking trip this weekend. ğŸï¸,Hiking trips are adventurous! Do you have a favorite trail? ğŸ¥¾,No,11/8/2023 20:00,11/8/2023 20:05,6,3,Yes,No,No,No,8,3,Yes,No,No,No,7.691215406
I'm going to a comedy show tonight. ğŸ˜‚,Comedy shows are hilarious! Who's your favorite comedian? ğŸ¤,No,11/8/2023 20:05,11/8/2023 20:10,6,3,Yes,No,No,No,8,3,Yes,No,No,No,10.13893693
I'm planning a quiet night in. ğŸŒ™,Quiet nights in can be relaxing! Any movie or book in mind? ğŸ¿ğŸ“š,No,11/8/2023 20:10,11/8/2023 20:15,6,3,Yes,No,No,No,9,3,Yes,No,No,No,4.808766176
I'm going to cook a special dinner tonight. ğŸ³,Cooking special dinners is fun! What's on the menu? ğŸ½ï¸,No,11/8/2023 20:15,11/8/2023 20:20,6,3,Yes,No,No,No,8,3,Yes,No,No,No,3.815419395
I'm taking my dog for a walk. ğŸ•,Dog walks are refreshing! Is it a sunny day? â˜€ï¸,No,11/8/2023 20:20,11/8/2023 20:25,6,3,Yes,No,No,No,9,3,Yes,No,No,No,7.697343112
I'm planning a road trip with friends. ğŸš—,Road trips with friends are so much fun! Any specific destinations in mind? ğŸ—ºï¸,No,11/8/2023 20:25,11/8/2023 20:30,6,3,Yes,No,No,No,8,3,Yes,No,No,No,10.84793805
I'm going to a music concert tonight. ğŸµ,Music concerts are exciting! Who's performing tonight? ğŸ¤,No,11/8/2023 20:30,11/8/2023 20:35,6,3,Yes,No,No,No,9,3,Yes,No,No,No,3.563599364
I'm planning a picnic in the park. ğŸ‰,Picnics in the park are delightful! What's on the menu? ğŸ¥ª,No,11/8/2023 20:35,11/8/2023 20:40,6,3,Yes,No,No,No,8,3,Yes,No,No,No,5.828018933
I'm going to start a new painting. ğŸ¨,Starting a new painting is creative! What's your artistic inspiration? ğŸ–Œï¸,No,11/8/2023 20:40,11/8/2023 20:45,6,3,Yes,No,No,No,8,3,Yes,No,No,No,9.836028826
I'm planning a hiking trip this weekend. ğŸï¸,Hiking trips are adventurous! Do you have a favorite trail? ğŸ¥¾,No,11/8/2023 20:45,11/8/2023 20:50,6,3,Yes,No,No,No,8,3,Yes,No,No,No,5.754688438
I'm going to a comedy show tonight. ğŸ˜‚,Comedy shows are hilarious! Who's your favorite comedian? ğŸ¤,No,11/8/2023 20:50,11/8/2023 20:55,6,3,Yes,No,No,No,8,3,Yes,No,No,No,7.50364503
I'm planning a quiet night in. ğŸŒ™,Quiet nights in can be relaxing! Any movie or book in mind? ğŸ¿ğŸ“š,No,11/8/2023 20:55,11/8/2023 21:00,6,3,Yes,No,No,No,9,3,Yes,No,No,No,12.30634882
I'm going to cook a special dinner tonight. ğŸ³,Cooking special dinners is fun! What's on the menu? ğŸ½ï¸,No,11/8/2023 21:00,11/8/2023 21:05,6,3,Yes,No,No,No,8,3,Yes,No,No,No,10.50102197
I'm taking my dog for a walk. ğŸ•,Dog walks are refreshing! Is it a sunny day? â˜€ï¸,No,11/8/2023 21:05,11/8/2023 21:10,6,3,Yes,No,No,No,9,3,Yes,No,No,No,9.332577073
I'm planning a road trip with friends. ğŸš—,Road trips with friends are so much fun! Any specific destinations in mind? ğŸ—ºï¸,No,11/8/2023 21:10,11/8/2023 21:15,6,3,Yes,No,No,No,8,3,Yes,No,No,No,9.802235312
I'm going to a music concert tonight. ğŸµ,Music concerts are exciting! Who's performing tonight? ğŸ¤,No,11/8/2023 21:15,11/8/2023 21:20,6,3,Yes,No,No,No,9,3,Yes,No,No,No,10.42129238
I'm planning a picnic in the park. ğŸ‰,Picnics in the park are delightful! What's on the menu? ğŸ¥ª,No,11/8/2023 21:20,11/8/2023 21:25,6,3,Yes,No,No,No,8,3,Yes,No,No,No,12.21050842
I'm going to start a new painting. ğŸ¨,Starting a new painting is creative! What's your artistic inspiration? ğŸ–Œï¸,No,11/8/2023 21:25,11/8/2023 21:30,6,3,Yes,No,No,No,8,3,Yes,No,No,No,11.22124278
I'm planning a hiking trip this weekend. ğŸï¸,Hiking trips are adventurous! Do you have a favorite trail? ğŸ¥¾,No,11/8/2023 21:30,11/8/2023 21:35,6,3,Yes,No,No,No,8,3,Yes,No,No,No,10.38488488
I'm going to a comedy show tonight. ğŸ˜‚,Comedy shows are hilarious! Who's your favorite comedian? ğŸ¤,No,11/8/2023 21:35,11/8/2023 21:40,6,3,Yes,No,No,No,8,3,Yes,No,No,No,11.04322198
I'm going to learn how to bake a chocolate cake. ğŸ°,Baking a chocolate cake is delicious! What's your secret ingredient? ğŸ«,No,11/8/2023 21:45,11/8/2023 21:50,8,3,Yes,No,No,No,9,3,Yes,No,No,No,11.6565978
I'm planning a weekend getaway by the lake. ğŸŒ…,Weekend getaways by the lake are so relaxing! Any particular lake you have in mind? ğŸï¸,No,11/8/2023 21:50,11/8/2023 21:55,8,3,Yes,No,No,No,8,3,Yes,No,No,No,7.539161132
I'm going to a rock music concert. ğŸ¸,Rock concerts are energetic! Which rock band are you going to see? ğŸ¤,No,11/8/2023 21:55,11/8/2023 22:00,6,3,Yes,No,No,No,9,3,Yes,No,No,No,10.55965033
I'm planning a day at the beach with my family. ğŸ–ï¸,Beach days with family are fun! What beach activities are you looking forward to? ğŸŒ,No,11/8/2023 22:00,11/8/2023 22:05,8,3,Yes,No,No,No,8,3,Yes,No,No,No,3.718982864
I'm going to start a new workout routine. ğŸ’ª,Starting a new workout routine is great for your health! What's your fitness goal? ğŸ‹ï¸,No,11/8/2023 22:05,11/8/2023 22:10,7,3,Yes,No,No,No,9,3,Yes,No,No,No,9.321712972
I'm planning a barbecue in my backyard. ğŸ”,Barbecues are tasty! What's your special barbecue sauce recipe? ğŸ–,No,11/8/2023 22:10,11/8/2023 22:15,7,3,Yes,No,No,No,8,3,Yes,No,No,No,4.562413576
I'm going to learn how to salsa dance. ğŸ’ƒ,Learning to dance salsa is exciting! Have you danced before? ğŸ’ƒğŸ•º,No,11/8/2023 22:15,11/8/2023 22:20,7,3,Yes,No,No,No,9,3,Yes,No,No,No,3.176658593
I'm planning a visit to an art gallery. ğŸ–¼ï¸,Art galleries are inspiring! Do you have a favorite art style? ğŸ¨,No,11/8/2023 22:20,11/8/2023 22:25,7,3,Yes,No,No,No,8,3,Yes,No,No,No,6.204002606
I'm going to a basketball game. ğŸ€,Basketball games are thrilling! Which teams are playing tonight? ğŸ¤”,No,11/8/2023 22:25,11/8/2023 22:30,7,3,Yes,No,No,No,9,3,Yes,No,No,No,9.542665331
I'm planning a day at the amusement park. ğŸ¢,Amusement parks are so much fun! What's your favorite ride there? ğŸ¡,No,11/8/2023 22:30,11/8/2023 22:35,7,3,Yes,No,No,No,8,3,Yes,No,No,No,5.940683885
I'm going to start a new gardening project. ğŸŒ±,Gardening is relaxing! What kind of plants will you be planting? ğŸŒ»,No,11/8/2023 22:35,11/8/2023 22:40,7,3,Yes,No,No,No,9,3,Yes,No,No,No,7.841372186
I'm planning a visit to the zoo. ğŸ¦,Zoo visits are fascinating! Any specific animals you're excited to see? ğŸ¦’,No,11/8/2023 22:40,11/8/2023 22:45,7,3,Yes,No,No,No,8,3,Yes,No,No,No,3.403593708
I'm going to a comedy show tonight. ğŸ˜‚,Comedy shows are hilarious! Who's your favorite comedian? ğŸ¤,No,11/8/2023 22:45,11/8/2023 22:50,6,3,Yes,No,No,No,9,3,Yes,No,No,No,8.08285603
I'm planning a quiet night in. ğŸŒ™,Quiet nights in can be relaxing! Any movie or book in mind? ğŸ¿ğŸ“š,No,11/8/2023 22:50,11/8/2023 22:55,6,3,Yes,No,No,No,8,3,Yes,No,No,No,11.19488367
I'm going to cook a special dinner tonight. ğŸ³,Cooking special dinners is fun! What's on the menu? ğŸ½ï¸,No,11/8/2023 22:55,11/8/2023 23:00,6,3,Yes,No,No,No,9,3,Yes,No,No,No,12.94869504
I'm taking my dog for a walk. ğŸ•,Dog walks are refreshing! Is it a sunny day? â˜€ï¸,No,11/8/2023 23:00,11/8/2023 23:05,6,3,Yes,No,No,No,8,3,Yes,No,No,No,5.827310531
I'm planning a road trip with friends. ğŸš—,Road trips with friends are so much fun! Any specific destinations in mind? ğŸ—ºï¸,No,11/8/2023 23:05,11/8/2023 23:10,6,3,Yes,No,No,No,9,3,Yes,No,No,No,3.513160369
I'm going to a music concert tonight. ğŸµ,Music concerts are exciting! Who's performing tonight? ğŸ¤,No,11/8/2023 23:10,11/8/2023 23:15,6,3,Yes,No,No,No,8,3,Yes,No,No,No,6.525218021
I'm planning a picnic in the park. ğŸ‰,Picnics in the park are delightful! What's on the menu? ğŸ¥ª,No,11/8/2023 23:15,11/8/2023 23:20,6,3,Yes,No,No,No,9,3,Yes,No,No,No,5.101093902
I'm going to start a new painting. ğŸ¨,Starting a new painting is creative! What's your artistic inspiration? ğŸ–Œï¸,No,11/8/2023 23:20,11/8/2023 23:25,6,3,Yes,No,No,No,8,3,Yes,No,No,No,3.707417395
I'm planning a hiking trip this weekend. ğŸï¸,Hiking trips are adventurous! Do you have a favorite trail? ğŸ¥¾,No,11/8/2023 23:25,11/8/2023 23:30,6,3,Yes,No,No,No,8,3,Yes,No,No,No,7.912746337
I'm planning a hiking trip this weekend. ğŸï¸,Hiking trips are so refreshing! ğŸ¥¾,Yes,11/10/2023 9:00,11/10/2023 9:05,7,3,Yes,No,No,No,6,2,Yes,No,No,No,2.65858318
I'm going to redecorate my living room. ğŸ›‹ï¸,Redecorating is fun! What color scheme do you suggest?,Yes,11/10/2023 9:01,11/10/2023 9:06,6,3,Yes,No,No,No,10,2,Yes,No,No,No,1.866734273
I'm starting a new fitness program. ğŸ’ª,Fitness programs are great! What's your workout routine?,Yes,11/10/2023 9:02,11/10/2023 9:07,6,3,Yes,No,No,No,10,2,Yes,No,No,No,1.985574041
I'm planning a visit to the zoo. ğŸ¦,Zoo visits are so exciting! What animals do you like to see there?,Yes,11/10/2023 9:03,11/10/2023 9:08,6,3,Yes,No,No,No,10,2,Yes,No,No,No,1.849211071
I'm going to start a new gardening project. ğŸŒ±,Gardening is so rewarding! Any specific plants you recommend?,Yes,11/10/2023 9:04,11/10/2023 9:09,7,3,Yes,No,No,No,10,2,Yes,No,No,No,0.106570507
I'm planning a day at the beach with my family. ğŸ–ï¸,Beach days with family are the best! Do you have any beach game suggestions?,Yes,11/10/2023 9:05,11/10/2023 9:10,8,3,Yes,No,No,No,10,2,Yes,No,No,No,4.099708223
I'm going to learn how to salsa dance. ğŸ’ƒ,Salsa dancing is so much fun! Where's the best place to learn?,Yes,11/10/2023 9:06,11/10/2023 9:11,7,3,Yes,No,No,No,9,2,Yes,No,No,No,4.496780616
I'm planning a visit to an art gallery. ğŸ–¼ï¸,Art galleries are inspiring! Any particular artists you admire?,Yes,11/10/2023 9:07,11/10/2023 9:12,7,3,Yes,No,No,No,10,2,Yes,No,No,No,2.03373467
I'm going to a basketball game. ğŸ€,Basketball games are exciting! Who's your favorite team?,Yes,11/10/2023 9:08,11/10/2023 9:13,7,3,Yes,No,No,No,8,2,Yes,No,No,No,1.000203539
I'm planning a day at the amusement park. ğŸ¢,Amusement parks are thrilling! What's the best ride there?,Yes,11/10/2023 9:09,11/10/2023 9:14,7,3,Yes,No,No,No,10,2,Yes,No,No,No,0.412689029
I'm going to start a new workout routine. ğŸ’ª,Starting a new workout routine is motivating! What are your fitness goals?,Yes,11/10/2023 9:10,11/10/2023 9:15,7,3,Yes,No,No,No,10,2,Yes,No,No,No,3.333477924
I'm planning a barbecue in my backyard. ğŸ”,Barbecues are delicious! What's your favorite barbecue recipe?,Yes,11/10/2023 9:11,11/10/2023 9:16,7,3,Yes,No,No,No,10,2,Yes,No,No,No,3.926577578
I'm going to a comedy show tonight. ğŸ˜‚,Comedy shows are hilarious! Who's your favorite comedian?,Yes,11/10/2023 9:12,11/10/2023 9:17,6,3,Yes,No,No,No,9,2,Yes,No,No,No,2.077676972
I'm planning a quiet night in. ğŸŒ™,Quiet nights in are so cozy! Do you have any book recommendations?,Yes,11/10/2023 9:13,11/10/2023 9:18,6,3,Yes,No,No,No,10,2,Yes,No,No,No,2.511459042
I'm going to cook a special dinner tonight. ğŸ³,Cooking a special dinner is fun! What's your signature dish?,Yes,11/10/2023 9:14,11/10/2023 9:19,6,3,Yes,No,No,No,10,2,Yes,No,No,No,3.518004477
I'm taking my dog for a walk. ğŸ•,Dog walks are refreshing! What's your dog's name?,Yes,11/10/2023 9:15,11/10/2023 9:20,6,3,Yes,No,No,No,9,2,Yes,No,No,No,4.425721589
I'm planning a road trip with friends. ğŸš—,Road trips with friends are epic! What's your favorite road trip destination?,Yes,11/10/2023 9:16,11/10/2023 9:21,6,3,Yes,No,No,No,10,2,Yes,No,No,No,2.900391901
I'm going to a music concert tonight. ğŸµ,Music concerts are electrifying! Who's your favorite band?,Yes,11/10/2023 9:17,11/10/2023 9:22,6,3,Yes,No,No,No,10,2,Yes,No,No,No,1.829665985
I'm planning a picnic in the park. ğŸ‰,Picnics in the park are charming! What's your favorite picnic food?,Yes,11/10/2023 9:18,11/10/2023 9:23,6,3,Yes,No,No,No,10,2,Yes,No,No,No,1.152127679
I'm going to start a new painting. ğŸ¨,Starting a new painting is so creative! What's your favorite painting style?,Yes,11/10/2023 9:19,11/10/2023 9:24,6,3,Yes,No,No,No,10,2,Yes,No,No,No,2.191785252
I'm planning a trip to a vineyard. ğŸ·,Vineyard trips are wine-tastic! Do you enjoy wine tasting?,Yes,11/10/2023 9:20,11/10/2023 9:25,6,3,Yes,No,No,No,10,2,Yes,No,No,No,3.82698986
I'm going to a stand-up comedy show. ğŸ˜†,Stand-up comedy shows are hilarious! Have you seen any live comedy recently?,Yes,11/10/2023 9:21,11/10/2023 9:26,6,3,Yes,No,No,No,10,2,Yes,No,No,No,1.068198691
I'm planning a road trip to the mountains. ğŸ”ï¸,Mountain road trips are breathtaking! Which mountain range are you visiting?,Yes,11/10/2023 9:22,11/10/2023 9:27,6,3,Yes,No,No,No,10,2,Yes,No,No,No,0.926144879
I'm planning a beach vacation.,Beach vacations are so relaxing! Which beach are you heading to?,Yes,11/10/2023 9:23,11/10/2023 9:28,6,3,Yes,No,No,No,9,2,Yes,No,No,No,1.53568712
I'm going to redecorate my living room.,That's a great idea! What color scheme are you thinking of?,Yes,11/10/2023 9:24,11/10/2023 9:29,8,3,Yes,No,No,No,10,2,Yes,No,No,No,2.083420946
I'm planning a day at the amusement park.,Amusement parks are thrilling! What's the best ride there?,Yes,11/10/2023 9:25,11/10/2023 9:30,7,3,Yes,No,No,No,10,2,Yes,No,No,No,1.132859305
I'm going to start a new fitness program.,Staying healthy is important! What's your workout routine?,Yes,11/10/2023 9:26,11/10/2023 9:31,7,3,Yes,No,No,No,10,2,Yes,No,No,No,2.571259702
I'm planning a visit to an art gallery.,Art galleries are inspiring! Do you have a favorite artist?,Yes,11/10/2023 9:27,11/10/2023 9:32,6,3,Yes,No,No,No,10,2,Yes,No,No,No,1.873086696
I'm going to cook a special dinner tonight.,That sounds delicious! What's on the menu?,Yes,11/10/2023 9:28,11/10/2023 9:33,7,3,Yes,No,No,No,9,2,Yes,No,No,No,4.104967014
I'm planning a day at the zoo.,Zoo visits are so exciting! What animals do you want to see?,Yes,11/10/2023 9:29,11/10/2023 9:34,6,3,Yes,No,No,No,10,2,Yes,No,No,No,4.548749604
I'm going to learn how to salsa dance.,Dancing is so much fun! Are you taking lessons?,Yes,11/10/2023 9:30,11/10/2023 9:35,6,3,Yes,No,No,No,9,2,Yes,No,No,No,0.85165826
I'm planning a road trip with friends.,Road trips with friends are awesome! Where are you going?,Yes,11/10/2023 9:31,11/10/2023 9:36,7,3,Yes,No,No,No,10,2,Yes,No,No,No,1.718982107
I'm going to start a DIY home improvement project.,DIY projects are satisfying! What's your first task?,Yes,11/10/2023 9:32,11/10/2023 9:37,8,3,Yes,No,No,No,10,2,Yes,No,No,No,0.800539246
I'm planning a visit to a vineyard.,Vineyards are lovely! Do you enjoy wine tasting?,Yes,11/10/2023 9:33,11/10/2023 9:38,6,3,Yes,No,No,No,10,2,Yes,No,No,No,4.514642022
I'm going to cook a special dinner tonight.,Sounds tasty! What's your favorite recipe?,Yes,11/10/2023 9:34,11/10/2023 9:39,7,3,Yes,No,No,No,10,2,Yes,No,No,No,2.647735447
I'm planning a family picnic in the park.,Family picnics are fun! What's on the menu?,Yes,11/10/2023 9:35,11/10/2023 9:40,6,3,Yes,No,No,No,10,2,Yes,No,No,No,2.253527514
I'm going to take my kids to an amusement park.,Kids love amusement parks! What's their favorite ride?,Yes,11/10/2023 9:36,11/10/2023 9:41,8,3,Yes,No,No,No,10,2,Yes,No,No,No,2.38337583
I'm planning a road trip to the coast.,Coastal road trips are beautiful! Which coastal towns are you visiting?,Yes,11/10/2023 9:37,11/10/2023 9:42,7,3,Yes,No,No,No,10,2,Yes,No,No,No,3.518517678
I'm going to learn how to play the guitar.,Learning an instrument is fun! Have you played before?,Yes,11/10/2023 9:38,11/10/2023 9:43,8,3,Yes,No,No,No,9,2,Yes,No,No,No,4.159729049
I'm planning a visit to a wildlife safari.,Wildlife safaris are amazing! Which animals are you hoping to see?,Yes,11/10/2023 9:39,11/10/2023 9:44,6,3,Yes,No,No,No,10,2,Yes,No,No,No,0.303165056
I'm going to start a new fitness challenge.,Fitness challenges are motivating! What are your goals?,Yes,11/10/2023 9:40,11/10/2023 9:45,7,3,Yes,No,No,No,10,2,Yes,No,No,No,4.594713026
I'm planning a visit to a historical museum.,History is fascinating! Which period of history interests you the most?,Yes,11/10/2023 9:41,11/10/2023 9:46,6,3,Yes,No,No,No,10,2,Yes,No,No,No,0.188853869
I'm going to cook a special dinner tonight.,Cooking special dinners is enjoyable! What's your specialty?,Yes,11/10/2023 9:42,11/10/2023 9:47,7,3,Yes,No,No,No,10,2,Yes,No,No,No,2.648972389
I'm planning a hiking trip to the mountains.,Mountains offer stunning views! Which trail are you taking?,Yes,11/10/2023 9:50,11/10/2023 9:55,8,3,No,Yes,No,No,10,2,Yes,No,No,No,2.479320955
I'm going to redecorate my living room.,That's a great idea! What color scheme are you thinking of?,Yes,11/10/2023 9:51,11/10/2023 9:56,8,3,Yes,No,No,No,10,2,Yes,No,No,No,3.591149041
I'm planning a visit to a wildlife sanctuary.,Wildlife sanctuaries are amazing! Which animals are you hoping to spot?,Yes,11/10/2023 9:52,11/10/2023 9:57,8,3,Yes,No,No,No,10,2,Yes,No,No,No,2.90943753
I'm going to start a blog about travel experiences.,Blogging is a great way to share your adventures! What's your first post about?,Yes,11/10/2023 9:53,11/10/2023 9:58,8,3,Yes,No,No,No,10,2,Yes,No,No,No,0.914378301
I'm planning a visit to a botanical garden.,Botanical gardens are so serene! Do you have a favorite flower?,Yes,11/10/2023 9:54,11/10/2023 9:59,7,3,Yes,No,No,No,10,2,Yes,No,No,No,2.24796207
I'm going to bake a batch of chocolate chip cookies.,Yum! Can I have one? ğŸ˜Š,Yes,11/10/2023 9:55,11/10/2023 10:00,8,3,Yes,No,No,No,7,2,Yes,No,No,No,2.186414818
I'm planning a visit to a science museum.,Science museums are educational! Any particular exhibit you're excited to see?,Yes,11/10/2023 9:56,11/10/2023 10:01,7,3,Yes,No,No,No,10,2,Yes,No,No,No,3.15787206
I'm going to learn how to paint with watercolors.,Artistic hobbies are wonderful! What's your first painting going to be?,Yes,11/10/2023 9:57,11/10/2023 10:02,8,3,No,No,Yes,No,10,2,Yes,No,No,No,1.504808082
I'm planning a beach vacation with friends.,Beach vacations with friends are fun! Which beach will you visit?,Yes,11/10/2023 9:58,11/10/2023 10:03,7,3,Yes,No,No,No,10,2,Yes,No,No,No,3.614315655
I'm going to start a new job next week.,Starting a new job is exciting! What will your role be?,Yes,11/10/2023 9:59,11/10/2023 10:04,7,3,No,No,Yes,No,9,2,Yes,No,No,No,1.909970261
I'm planning a visit to a wildlife safari.,Wildlife safaris are adventurous! What animals do you hope to see?,Yes,11/10/2023 10:00,11/10/2023 10:05,7,3,Yes,No,No,No,10,2,Yes,No,No,No,3.962500695
I'm going to attend a music festival.,Music festivals are a blast! Which bands are you looking forward to?,Yes,11/10/2023 10:01,11/10/2023 10:06,7,3,No,No,Yes,No,10,2,Yes,No,No,No,0.212108141
I'm planning a visit to a historical museum.,History is fascinating! Which historical period interests you the most?,Yes,11/10/2023 10:02,11/10/2023 10:07,6,3,Yes,No,No,No,10,2,Yes,No,No,No,1.218591481
I'm going to bake a homemade apple pie.,Homemade pies are delicious! Do you have a secret ingredient?,Yes,11/10/2023 10:03,11/10/2023 10:08,8,3,No,No,Yes,No,9,2,Yes,No,No,No,2.583334666
I'm planning a visit to a science museum.,Science museums are educational! Any particular exhibit you're excited to see?,Yes,11/10/2023 10:04,11/10/2023 10:09,7,3,Yes,No,No,No,10,2,Yes,No,No,No,3.616067687
I'm going to start a new fitness challenge.,Fitness challenges are motivating! What are your goals?,Yes,11/10/2023 10:05,11/10/2023 10:10,7,3,Yes,No,No,No,10,2,Yes,No,No,No,3.901932053
I'm planning a visit to a historical museum.,History is fascinating! Which historical period interests you the most?,Yes,11/10/2023 10:06,11/10/2023 10:11,6,3,Yes,No,No,No,10,2,Yes,No,No,No,4.426415824
I'm going to bake a homemade apple pie.,Homemade pies are delicious! Do you have a secret ingredient?,Yes,11/10/2023 10:07,11/10/2023 10:12,8,3,Yes,No,No,No,9,2,Yes,No,No,No,1.826198012
I'm planning a visit to a wildlife sanctuary.,Wildlife sanctuaries are amazing! Which animals are you hoping to spot?,Yes,11/10/2023 10:08,11/10/2023 10:13,8,3,Yes,No,No,No,10,2,Yes,No,No,No,0.809776382
I'm going to learn how to paint with watercolors.,Artistic hobbies are wonderful! What's your first painting going to be?,Yes,11/10/2023 10:09,11/10/2023 10:14,8,3,Yes,No,No,No,10,2,Yes,No,No,No,3.5477497
I'm planning a hiking trip to the mountains.,Mountains offer stunning views! Which trail are you taking?,Yes,11/10/2023 10:10,11/10/2023 10:15,8,3,No,Yes,No,No,10,2,Yes,No,No,No,1.634637537
I'm going to bake a batch of chocolate chip cookies.,Yum! Can I have one? ğŸ˜Š,Yes,11/10/2023 10:11,11/10/2023 10:16,8,3,Yes,No,No,No,7,2,Yes,No,No,No,1.280179869
I'm planning a visit to a wildlife safari.,Wildlife safaris are adventurous! What animals do you hope to see?,Yes,11/10/2023 10:12,11/10/2023 10:17,7,3,Yes,No,No,No,10,2,Yes,No,No,No,3.295886353
I'm going to attend a music festival.,Music festivals are a blast! Which bands are you looking forward to?,Yes,11/10/2023 10:13,11/10/2023 10:18,7,3,Yes,No,No,No,10,2,Yes,No,No,No,2.953367219
I'm planning a hiking trip to the mountains.,Mountains offer stunning views! Which trail are you taking?,Yes,11/10/2023 10:14,11/10/2023 10:19,8,3,No,Yes,No,No,10,2,Yes,No,No,No,2.459820979
I'm going to bake a batch of chocolate chip cookies.,Yum! Can I have one? ğŸ˜Š,Yes,11/10/2023 10:15,11/10/2023 10:20,8,3,Yes,No,No,No,7,2,Yes,No,No,No,2.577245229
I'm planning a visit to a botanical garden.,Botanical gardens are so serene! Do you have a favorite flower?,Yes,11/10/2023 10:16,11/10/2023 10:21,7,3,Yes,No,No,No,10,2,Yes,No,No,No,4.438831177
I'm going to attend a music festival.,Music festivals are a blast! Which bands are you looking forward to?,Yes,11/10/2023 10:17,11/10/2023 10:22,7,3,Yes,No,No,No,10,2,Yes,No,No,No,1.198157016
I'm planning a visit to a botanical garden.,Botanical gardens are so serene! Do you have a favorite flower?,Yes,11/10/2023 10:18,11/10/2023 10:23,7,3,Yes,No,No,No,10,2,Yes,No,No,No,1.07790402
I'm going to bake a batch of chocolate chip cookies.,Yum! Can I have one? ğŸ˜Š,Yes,11/10/2023 10:19,11/10/2023 10:24,8,3,Yes,No,No,No,7,2,Yes,No,No,No,2.010426417
I'm planning a visit to a wildlife sanctuary.,Wildlife sanctuaries are amazing! Which animals are you hoping to spot?,Yes,11/10/2023 10:20,11/10/2023 10:25,8,3,Yes,No,No,No,10,2,Yes,No,No,No,2.821545883
I'm going to learn how to paint with watercolors.,Artistic hobbies are wonderful! What's your first painting going to be?,Yes,11/10/2023 10:21,11/10/2023 10:26,8,3,Yes,No,No,No,10,2,Yes,No,No,No,1.847618753
I'm planning a hiking trip to the mountains.,Mountains offer stunning views! Which trail are you taking?,Yes,11/10/2023 10:22,11/10/2023 10:27,8,3,No,Yes,No,No,10,2,Yes,No,No,No,1.341415777
I'm going to bake a batch of chocolate chip cookies.,Yum! Can I have one? ğŸ˜Š,Yes,11/10/2023 10:23,11/10/2023 10:28,8,3,Yes,No,No,No,7,2,Yes,No,No,No,3.305607966
I'm planning a visit to a wildlife safari.,Wildlife safaris are adventurous! What animals do you hope to see?,Yes,11/10/2023 10:24,11/10/2023 10:29,7,3,Yes,No,No,No,10,2,Yes,No,No,No,0.939212972
I'm going to attend a music festival.,Music festivals are a blast! Which bands are you looking forward to?,Yes,11/10/2023 10:25,11/10/2023 10:30,7,3,Yes,No,No,No,10,2,Yes,No,No,No,4.482450596
I'm planning a road trip to the mountains.,Sounds like a great adventure! Have you picked a route?,Yes,11/11/2023 10:00,11/11/2023 10:05,8,1,No,No,No,No,10,2,No,No,No,No,2.079927697
I'm going to redecorate my home office.,That's exciting! What theme are you going for?,Yes,11/11/2023 10:01,11/11/2023 10:06,8,1,No,No,No,No,10,2,No,No,No,No,0.279801923
I'm going to a nature reserve for bird-watching.,Enjoy the serene nature! Any specific birds you hope to spot?,Yes,11/11/2023 11:00,11/11/2023 11:05,8,1,No,No,No,No,10,2,No,No,No,No,1.316600943
I'm starting a blog about travel experiences.,Blogging is a great way to share your adventures! What's your first post about?,Yes,11/11/2023 11:01,11/11/2023 11:06,8,1,No,No,No,No,10,2,No,No,No,No,3.984572621
I'm going to a salsa dance class tonight.,Dancing is so much fun! Are you going with friends?,Yes,11/11/2023 12:00,11/11/2023 12:05,7,1,No,No,No,No,9,2,No,No,No,No,2.036452919
I'm baking a batch of chocolate chip cookies.,Yum! Can I have one? ğŸ˜Š,Yes,11/11/2023 12:01,11/11/2023 12:06,7,1,No,No,No,No,8,2,Yes,No,No,No,1.464668322
I'm volunteering at an animal shelter this weekend.,That's so kind! What animals will you be helping?,Yes,11/11/2023 13:00,11/11/2023 13:05,8,1,No,No,No,No,9,2,No,No,No,No,4.334895417
I'm going to a film festival with independent movies.,Independent films can be so creative! Any must-see movies?,Yes,11/11/2023 13:01,11/11/2023 13:06,8,1,No,No,No,No,10,2,No,No,No,No,3.073488522
I'm learning to paint with watercolors.,Artistic hobbies are wonderful! What's your first painting?,Yes,11/11/2023 14:00,11/11/2023 14:05,8,1,No,No,No,No,7,2,No,No,No,No,0.901800449
I'm going to a science fiction convention.,Sci-fi is fascinating! Are you dressing up as a character?,Yes,11/11/2023 14:01,11/11/2023 14:06,8,1,No,No,No,No,10,2,No,No,No,No,1.496991418
I'm attending a meditation retreat.,That's a peaceful choice! How long will you be meditating?,Yes,11/11/2023 15:00,11/11/2023 15:05,8,1,No,No,No,No,9,2,No,No,No,No,4.340983521
I'm starting a new podcast about technology.,Podcasting is cool! What's the first topic you'll cover?,Yes,11/11/2023 15:01,11/11/2023 15:06,8,1,No,No,No,No,10,2,No,No,No,No,1.469203302
I'm going to a farmers' market for fresh produce.,Fresh produce is the best! Any specific items on your list?,Yes,11/11/2023 16:00,11/11/2023 16:05,8,1,No,No,No,No,10,2,No,No,No,No,3.02799981
I'm taking my kids to a theme park.,Kids love theme parks! What's their favorite ride?,Yes,11/11/2023 16:01,11/11/2023 16:06,8,1,No,No,No,No,10,2,No,No,No,No,0.627998304
I'm joining a language exchange program.,Learning a new language is a great idea! Which language?,Yes,11/11/2023 17:00,11/11/2023 17:05,8,1,No,No,No,No,10,2,No,No,No,No,4.224598356
I'm going to a classical music concert.,Classical music is beautiful! Any specific composer or piece?,Yes,11/11/2023 17:01,11/11/2023 17:06,8,1,No,No,No,No,10,2,No,No,No,No,1.635401849
I'm starting a home garden with herbs.,Fresh herbs are a great addition to cooking! What will you grow?,Yes,11/11/2023 18:00,11/11/2023 18:05,8,1,No,No,No,No,9,2,No,No,No,No,1.157029421
I'm going to a stand-up comedy show.,Laughter is the best medicine! Any favorite comedian?,Yes,11/11/2023 18:01,11/11/2023 18:06,8,1,No,No,No,No,10,2,No,No,No,No,2.942126171
I'm planning a hiking trip with friends.,Hiking is a great way to bond! Any specific trails in mind?,Yes,11/11/2023 19:00,11/11/2023 19:05,8,1,No,No,No,No,10,2,No,No,No,No,1.005487355
I'm taking a cooking class to improve my skills.,Cooking is a valuable skill! What cuisine are you learning?,Yes,11/11/2023 19:01,11/11/2023 19:06,8,1,No,No,No,No,10,2,No,No,No,No,3.381837937
